TABLE 1: PREPAREDNESS ITEM INVENTORY DATABASE,,,,,,,,,,,,,
Category,Subcategory,Checklist Item,Description,Purpose,Target Readiness Level,Priority,Recommended Qty,Skill Req?,Difficulty,Est. Cost Range,Storage Considerations,Maintenance Requirements,Emergency Scenarios
Spiritual Preparedness,Study & Reflection,Physical Study Bible,Hardcopy Bible with commentary and cross-references.,"Anchor mindset, provide moral clarity, and sustain hope.",72-hour,Critical,1 per person,No,Beginner,$20 - $60,"Keep dry, pack in waterproof bag for Bug Out.",None,"All Scenarios, Total Grid Failure"
Spiritual Preparedness,Community,Pastoral Contact Plan,"Printed list of church elders, prayer network, and neighbors.",Maintain spiritual community and organize mutual aid.,2-week,Important,1 per household,No,Beginner,$0,Keep in physical data vault / Go-Bag.,Update phone numbers bi-annually.,"Civil Unrest, Prolonged Blackout"
Mental Preparedness,Stress Management,Printed OODA Loop Guide,"Pocket-sized guide on Observe, Orient, Decide, Act protocol.",Prevent analysis paralysis and panic during acute stress.,72-hour,Critical,1 per adult,Yes,Intermediate,$5,Keep in Go-Bag and nightstand.,Mental review monthly.,"Natural Disasters, Home Intrusion"
Family Planning,Documentation,Encrypted Data Vault,"Waterproof USB drive containing IDs, deeds, insurance, medical info.","Prove identity, assets, and medical history if home is lost.",72-hour,Critical,"2 (1 in Go-Bag, 1 off-site)",No,Beginner,$20 - $50,"Keep encrypted (e.g., BitLocker); store in waterproof case.",Update files bi-annually.,"Fire, Flood, Sudden Evacuation"
Family Planning,Logistics,Comm-Silence Protocol,Written rally points and out-of-state emergency contacts.,Reunite family when cellular networks fail.,72-hour,Critical,1 per person,Yes,Beginner,$0,Print and laminate card for every wallet/backpack.,Rehearse routes quarterly.,"EMP, Cellular Outage, Earthquake"
Food Storage,Short-Term,72-Hour Caloric Load,"High-calorie, no-cook emergency rations (e.g., SOS bars, MREs).",Sustain energy during immediate evacuation or blackout.,72-hour,Critical,"9,000 calories/person",No,Beginner,$20 - $40,Keep in Go-Bag. Climate-controlled prevents melting.,Replace every 5 years.,"Evacuation, Severe Weather Lockdown"
Food Storage,Mid-Term,Deep Pantry (Working),"Canned goods, pasta, rice, peanut butter (everyday foods).",Sustain household during supply chain disruptions.,3-month,Critical,90-day supply,No,Beginner,$300 - $800,"Cool, dark, dry space. Protect from pests.","FIFO (First-In, First-Out) rotation weekly.","Pandemic, Economic Instability"
Food Storage,Long-Term,Mylar Grain Buckets,"Wheat berries, rice, beans sealed with oxygen absorbers.",Prevent starvation during catastrophic infrastructure collapse.,1-year,Important,300 lbs/person,Yes,Intermediate,$500+,5-gallon food-grade buckets. Avoid extreme heat.,Inspect seals annually. Lasts 25+ years.,"Hyperinflation, Black-Swan Events"
Water Security,Storage,Aquatainers / WaterBricks,"Stackable, heavy-duty BPA-free water storage containers.",Immediate hydration baseline without relying on municipal pressure.,2-week,Critical,14 gal / person,No,Beginner,$50 - $150,"Store off bare concrete (use wood pallets). Dark, cool area.",Rotate water every 6 months.,"Grid Failure, Water Contamination"
Water Security,Purification,Gravity Water Filter,"High-capacity stainless steel filter (e.g., Berkey, Propur).",Purify scavenged or compromised water for the whole family.,3-month,Critical,1 unit + spare filters,Yes,Beginner,$200 - $400,Do NOT let filter elements freeze (they will crack).,Prime filters; scrub elements quarterly.,"Flooding, Grid Failure"
Water Security,Mobile Filtration,Hollow Membrane Filter,"Portable filters (e.g., Sawyer Squeeze, LifeStraw).",Procurement and purification while bugging out.,72-hour,Critical,1 per Go-Bag,Yes,Beginner,$25 - $40,Keep close to body in winter to prevent freezing.,Backflush after every use.,Evacuation
Medical Preparedness,Trauma,IFAK (TCCC Standard),"Tourniquet (CAT/SOF-T), hemostatic gauze, pressure dressing, chest seal.",Stop massive hemorrhage before EMS can arrive (or if they can't).,72-hour,Critical,1 per person/vehicle,Yes,Intermediate,$80 - $120,Keep accessible (not buried). Avoid leaving in hot cars if possible.,Check expiration dates on hemostatics bi-annually.,"Severe Injury, Civil Unrest, Car Crash"
Medical Preparedness,Austere Med,90-Day Rx & OTC Backup,"Backup of daily prescriptions, antibiotics, ibuprofen, loperamide.","Treat infections, pain, and illness without doctors/pharmacies.",3-month,Critical,90-day supply,No,Beginner,Varies,"Store in cool, dry place. Heat degrades efficacy quickly.",Rotate medications to prevent expiration.,"Pandemic, Supply Chain Collapse"
Shelter and Housing,Hardening,Blackout / Thermal Curtains,Heavy insulating curtains and custom-cut Reflectix panels.,"Retain heat in winter, block heat in summer, and mask light from outside.",2-week,Important,Cover all windows,No,Beginner,$50 - $200,Roll up when not in use.,None.,"Winter Blackout, Civil Unrest"
Energy and Power,Illumination,High-Lumen Headlamps,Hands-free LED lighting with red-light capability.,Navigate and perform tasks (medical/cooking) safely in the dark.,72-hour,Critical,1 per person,No,Beginner,$30 - $60,Remove batteries if storing long-term to prevent acid leaks.,Check batteries monthly.,Power Outage
Energy and Power,Generation,LiFePO4 Solar Generator,"Portable power station with solar panels (e.g., EcoFlow, Jackery).","Recharge comms, run medical devices (CPAP), and power freezers.",2-week,Critical,1-2 kWh capacity,Yes,Intermediate,$500 - $1500,Store indoors at room temperature.,"""Top-Off"" charge to 100% monthly.","Grid Down, Rolling Blackouts"
Communication,Intel Gathering,NOAA Emergency Radio,Hand-crank/solar/battery radio with SAME technology.,Receive verified government weather alerts and OSINT.,72-hour,Critical,1 per household,No,Beginner,$30 - $50,Keep near sleeping area with fresh batteries.,Test during weekly NOAA broadcasts.,"Hurricanes, Tornadoes, EMP"
Communication,Tactical,FRS/GMRS Radios,Handheld walkie-talkies for local line-of-sight comms.,Coordinate neighborhood watch and family movements without cell service.,2-week,Important,2 - 6 units,Yes,Beginner,$60 - $150,Store with radios off; keep spare AA/AAA batteries.,Cycle/charge batteries monthly.,"Civil Unrest, Natural Disasters"
Navigation,Analog,Local Topographical Maps,"Waterproof maps of county, state, and evacuation routes.",Navigate when GPS/Google Maps are offline.,72-hour,Critical,2 sets,Yes,Intermediate,$20,Keep in waterproof map sleeve in Go-Bag and vehicle.,Update if major infrastructure changes.,"Evacuation, EMP"
Tools and Repair,Manual Tools,Heavy-Duty Multitool,"Leatherman or Gerber tool with pliers, knife, saw, wire cutters.","Expedient repairs on gear, vehicles, and home.",72-hour,Critical,1 per adult,Yes,Beginner,$80 - $150,Oil hinges lightly to prevent rust.,Clean and sharpen blade quarterly.,All Scenarios
Security and Defense,Perimeter,Heavy-Duty Strike Plates,3-inch or 4-inch screws replacing standard 1/2-inch door screws.,Prevent home invasion via kick-ins (CPTED strategy).,1-year,Critical,All exterior doors,Yes,Beginner,$20,"Install directly into wall stud, not just the door frame.",Inspect hinges annually.,"Civil Unrest, Looting"
Hygiene and Sanitation,Waste,Off-Grid Toilet Kit,"5-gallon bucket, toilet seat lid, contractor bags, sawdust/peat moss.",Prevent dysentery and cholera when municipal plumbing fails.,2-week,Critical,1 kit per bathroom,No,Beginner,$40,Store bags/sawdust in a dry place.,Replace bags and sanitize bucket after use.,"Grid Failure, Flooding"
Transportation,Redundancy,Vehicle Emergency Kit,"Jumper cables, tire plug kit, 12V inflator, flares, folding shovel.",Self-rescue if stranded during an evacuation.,72-hour,Critical,1 kit per vehicle,Yes,Intermediate,$100 - $200,Secure in trunk.,Check inflator and tire plugs bi-annually.,"Evacuation, Winter Storms"
Bug Out Planning,Mobility,72-Hour Go-Bag,Ergonomic backpack loaded with baseline survival hardware.,Immediate strategic relocation if the home is compromised.,72-hour,Critical,1 per person,Yes,Intermediate,$150 - $400,Keep light (under 20% body weight). Store near exit.,Rotate food/water/meds bi-annually.,"House Fire, Wildfire, Chemical Spill"
Community Preparedness,Network,Charity Stockpile,"Separate bins of cheap bulk rice, water, and baby formula.",Safely provide triage aid to neighbors without starving your own family.,3-month,Important,10% of total preps,No,Beginner,$100+,Clearly label to prevent family from eating it by accident.,Rotate along with deep pantry.,Post-Disaster Recovery
Long-Term Resilience,Agriculture,Heirloom Seeds & Tools,"Non-GMO seeds, manual tiller, composting bins.",Transition from consumer to producer if supply chains permanently fail.,1-year,Optional,1 seed vault,Yes,Advanced,$100 - $300,"Store seeds in a cool, dark, dry place (freezer/fridge ideal).",Check seed viability every 2-3 years.,"Black-Swan Event, Economic Collapse"